row_id,ecc,N,gammaG,Esoil,Econc,Dbot,H1,H2,H3,Mr_t,Mt_t,Mr_c,Mt_c,outlier_global,outlier_group,outlier_mad,suspect_row,M_ov,flagged_by
43,26,5000,0.9,75,30000,17,0.8,1.0,0.8,-2.9038794186,-2.1891991158,8.9346853219,3.258198217,True,False,False,False,130000,outlier_global
47,26,5000,0.9,75,37000,17,0.8,1.0,0.8,-2.8827769821,-2.1890824724,9.0212119431,3.255681951,True,False,False,False,130000,outlier_global
107,26,5000,0.9,75,30000,17,0.8,1.0,1.2,-2.8212714128,-2.0522218189,8.9318109959,3.4096005531,True,False,False,False,130000,outlier_global
111,26,5000,0.9,75,37000,17,0.8,1.0,1.2,-2.7998063252,-2.0471754773,8.9950921877,3.4359750994,True,False,False,False,130000,outlier_global
175,26,5000,0.9,75,37000,17,0.8,1.0,1.6,-2.7554184492,-1.9944025865,8.9401525712,3.542369594,True,False,False,False,130000,outlier_global
235,26,5000,0.9,75,30000,17,0.8,1.5,0.8,-2.9227824573,-2.4986545467,9.4084445102,3.3800747375,True,False,False,False,130000,outlier_global
239,26,5000,0.9,75,37000,17,0.8,1.5,0.8,-2.9404299761,-2.4875369369,9.2775930674,3.4506712837,True,False,False,False,130000,outlier_global
251,26,5000,1.1,75,30000,17,0.8,1.5,0.8,-2.906826259,-2.4329651756,9.2096040313,3.4527583914,True,False,False,False,130000,outlier_global
255,26,5000,1.1,75,37000,17,0.8,1.5,0.8,-2.8939039614,-2.4335998632,9.2614726063,3.4515661811,True,False,False,False,130000,outlier_global
299,26,5000,0.9,75,30000,17,0.8,1.5,1.2,-2.8777199823,-2.3898516807,9.1502862432,3.5650525852,True,False,False,False,130000,outlier_global
303,26,5000,0.9,75,37000,17,0.8,1.5,1.2,-2.8774847705,-2.3832341177,9.1261287806,3.6158919037,True,False,False,False,130000,outlier_global
319,26,5000,1.1,75,37000,17,0.8,1.5,1.2,-2.8510496912,-2.340982757,8.9368905826,3.6265227429,True,False,False,False,130000,outlier_global
363,26,5000,0.9,75,30000,17,0.8,1.5,1.6,-2.8277287354,-2.3593651177,9.1637557908,3.671478187,True,False,False,False,130000,outlier_global
367,26,5000,0.9,75,37000,17,0.8,1.5,1.6,-2.8166455278,-2.3575920321,9.193601717,3.677741798,True,False,False,False,130000,outlier_global
383,26,5000,1.1,75,37000,17,0.8,1.5,1.6,-2.8200913184,-2.3218341866,8.9292156367,3.7137591029,True,False,False,False,130000,outlier_global
427,26,5000,0.9,75,30000,17,0.8,2.0,0.8,-3.0990439952,-2.7091270916,9.2166177299,3.4256114697,True,False,False,False,130000,outlier_global
431,26,5000,0.9,75,37000,17,0.8,2.0,0.8,-3.0912895396,-2.709734346,9.2435559437,3.426437739,True,False,False,False,130000,outlier_global
443,26,5000,1.1,75,30000,17,0.8,2.0,0.8,-3.0816933501,-2.6231343545,8.9793731618,3.5992558795,True,False,False,False,130000,outlier_global
447,26,5000,1.1,75,37000,17,0.8,2.0,0.8,-3.0740637267,-2.6239212797,9.0046354946,3.6002843805,True,False,False,False,130000,outlier_global
491,26,5000,0.9,75,30000,17,0.8,2.0,1.2,-3.0033809055,-2.6357918432,9.0717453541,3.7062600967,True,False,False,False,130000,outlier_global
495,26,5000,0.9,75,37000,17,0.8,2.0,1.2,-2.9963090499,-2.6360648184,9.0954284736,3.7062919203,True,False,False,False,130000,outlier_global
559,26,5000,0.9,75,37000,17,0.8,2.0,1.6,-2.9842765505,-2.6321805398,8.9215339221,3.9047694155,True,False,False,False,130000,outlier_global
811,26,5000,0.9,75,30000,17,1.2,1.5,0.8,-3.0478083101,-2.6054618086,9.172834769,3.3832700766,True,False,False,False,130000,outlier_global
815,26,5000,0.9,75,37000,17,1.2,1.5,0.8,-3.0417411498,-2.6064338585,9.1903476559,3.3848221167,True,False,False,False,130000,outlier_global
827,26,5000,1.1,75,30000,17,1.2,1.5,0.8,-3.0210005692,-2.5316130854,8.9897016968,3.476507189,True,False,False,False,130000,outlier_global
831,26,5000,1.1,75,37000,17,1.2,1.5,0.8,-3.0120113234,-2.5350932868,9.021042742,3.4619827044,True,False,False,False,130000,outlier_global
875,26,5000,0.9,75,30000,17,1.2,1.5,1.2,-2.9531828061,-2.5455927848,9.0339503966,3.548024902,True,False,False,False,130000,outlier_global
879,26,5000,0.9,75,37000,17,1.2,1.5,1.2,-2.94722883,-2.5458235515,9.0537575429,3.5467100693,True,False,False,False,130000,outlier_global
1003,26,5000,0.9,75,30000,17,1.2,2.0,0.8,-3.271131768,-2.7706390735,9.0821079271,3.4214351411,True,False,False,False,130000,outlier_global
1007,26,5000,0.9,75,37000,17,1.2,2.0,0.8,-3.2707752051,-2.7711524773,9.0914631014,3.4270583294,True,False,False,False,130000,outlier_global
1071,26,5000,0.9,75,37000,17,1.2,2.0,1.2,-3.1813859155,-2.7535312375,8.918236014,3.6823870914,True,False,False,False,130000,outlier_global
1387,26,5000,0.9,75,30000,17,1.6,1.5,0.8,-3.1784754612,-2.6685586762,8.9226455909,3.3812557181,True,False,False,False,130000,outlier_global
1391,26,5000,0.9,75,37000,17,1.6,1.5,0.8,-3.1699161093,-2.6706478937,8.9594438537,3.379612265,True,False,False,False,130000,outlier_global
4352,0,2000,0.9,25,30000,23,1.2,1.5,1.6,0.2375990982,0.1732367688,0.2375990982,0.1732367688,False,True,False,False,0,outlier_group
4356,0,2000,0.9,25,37000,23,1.2,1.5,1.6,0.235520155,0.1715913987,0.235520155,0.1715913987,False,True,False,False,0,outlier_group
4377,10,2000,1.1,75,30000,23,1.2,1.5,1.6,-1.6623501623,-0.2178103059,0.1052644477,0.8560117867,False,False,False,True,20000,suspect_row
4381,10,2000,1.1,75,37000,23,1.2,1.5,1.6,-1.6994951972,-0.2150981953,0.0797130795,0.8542431532,False,False,False,True,20000,suspect_row
4384,0,5000,0.9,25,30000,23,1.2,1.5,1.6,0.2375990982,0.1732367688,0.2375990982,0.1732367688,False,True,False,False,0,outlier_group
4388,0,5000,0.9,25,37000,23,1.2,1.5,1.6,0.235520155,0.1715913987,0.235520155,0.1715913987,False,True,False,False,0,outlier_group
4552,0,2000,0.9,75,30000,23,1.2,2.0,1.6,0.2446803504,0.1880711413,0.2446803504,0.1880711413,False,True,False,False,0,outlier_group
4556,0,2000,0.9,75,37000,23,1.2,2.0,1.6,0.2453953848,0.1886707201,0.2453953848,0.1886707201,False,True,False,False,0,outlier_group
4584,0,5000,0.9,75,30000,23,1.2,2.0,1.6,0.2446803504,0.1880711413,0.2446803504,0.1880711413,False,True,False,False,0,outlier_group
4588,0,5000,0.9,75,37000,23,1.2,2.0,1.6,0.2453953848,0.1886707201,0.2453953848,0.1886707201,False,True,False,False,0,outlier_group
4736,0,2000,0.9,25,30000,23,1.6,1.0,1.6,0.2428693074,0.1763351268,0.2428693074,0.1763351268,False,True,False,False,0,outlier_group
4740,0,2000,0.9,25,37000,23,1.6,1.0,1.6,0.2433267957,0.1766157366,0.2433267957,0.1766157366,False,True,False,False,0,outlier_group
4768,0,5000,0.9,25,30000,23,1.6,1.0,1.6,0.2428693074,0.1763351268,0.2428693074,0.1763351268,False,True,False,False,0,outlier_group
4772,0,5000,0.9,25,37000,23,1.6,1.0,1.6,0.2433267957,0.1766157366,0.2433267957,0.1766157366,False,True,False,False,0,outlier_group
4936,0,2000,0.9,75,30000,23,1.6,1.5,1.6,0.2387613601,0.1847060521,0.2387613601,0.1847060521,False,True,False,False,0,outlier_group
4940,0,2000,0.9,75,37000,23,1.6,1.5,1.6,0.2513479293,0.1943178567,0.2513479293,0.1943178567,False,True,False,False,0,outlier_group
4968,0,5000,0.9,75,30000,23,1.6,1.5,1.6,0.2387613601,0.1847060521,0.2387613601,0.1847060521,False,True,False,False,0,outlier_group
4972,0,5000,0.9,75,37000,23,1.6,1.5,1.6,0.2513479293,0.1943178567,0.2513479293,0.1943178567,False,True,False,False,0,outlier_group
4992,0,2000,0.9,25,30000,23,1.6,2.0,0.8,0.2196718077,0.1801343156,0.2196718077,0.1801343156,False,True,False,False,0,outlier_group
4996,0,2000,0.9,25,37000,23,1.6,2.0,0.8,0.2199749425,0.1803901059,0.2199749425,0.1803901059,False,True,False,False,0,outlier_group
5000,0,2000,0.9,75,30000,23,1.6,2.0,0.8,0.2282183251,0.1870153148,0.2282183251,0.1870153148,False,True,False,False,0,outlier_group
5004,0,2000,0.9,75,37000,23,1.6,2.0,0.8,0.2295821657,0.1880727905,0.2295821657,0.1880727905,False,True,False,False,0,outlier_group
5024,0,5000,0.9,25,30000,23,1.6,2.0,0.8,0.2196718077,0.1801343156,0.2196718077,0.1801343156,False,True,False,False,0,outlier_group
5028,0,5000,0.9,25,37000,23,1.6,2.0,0.8,0.2199749425,0.1803901059,0.2199749425,0.1803901059,False,True,False,False,0,outlier_group
5032,0,5000,0.9,75,30000,23,1.6,2.0,0.8,0.2282183251,0.1870153148,0.2282183251,0.1870153148,False,True,False,False,0,outlier_group
5036,0,5000,0.9,75,37000,23,1.6,2.0,0.8,0.2295821657,0.1880727905,0.2295821657,0.1880727905,False,True,False,False,0,outlier_group
5051,26,5000,1.1,75,30000,23,1.6,2.0,0.8,-5.809805121,-2.5736995048,7.0387686618,4.4156946669,True,False,False,False,130000,outlier_global
5055,26,5000,1.1,75,37000,23,1.6,2.0,0.8,-5.8022492745,-2.6073264993,6.6477062053,4.4246401965,True,False,False,False,130000,outlier_global
5056,0,2000,0.9,25,30000,23,1.6,2.0,1.2,0.2366197805,0.1922621107,0.2366197805,0.1922621107,False,True,False,False,0,outlier_group
5060,0,2000,0.9,25,37000,23,1.6,2.0,1.2,0.2363764618,0.192037764,0.2363764618,0.192037764,False,True,False,False,0,outlier_group
5088,0,5000,0.9,25,30000,23,1.6,2.0,1.2,0.2366197805,0.1922621107,0.2366197805,0.1922621107,False,True,False,False,0,outlier_group
5092,0,5000,0.9,25,37000,23,1.6,2.0,1.2,0.2363764618,0.192037764,0.2363764618,0.192037764,False,True,False,False,0,outlier_group
5115,26,5000,1.1,75,30000,23,1.6,2.0,1.2,-5.8438837102,-2.7266069258,6.3782441939,4.4368351761,True,False,False,False,130000,outlier_global
5119,26,5000,1.1,75,37000,23,1.6,2.0,1.2,-5.8155053265,-2.7201194522,6.6314970061,4.368781459,True,False,False,False,130000,outlier_global
5120,0,2000,0.9,25,30000,23,1.6,2.0,1.6,0.2516507555,0.2017041831,0.2516507555,0.2017041831,False,True,True,False,0,"outlier_group, outlier_mad"
5124,0,2000,0.9,25,37000,23,1.6,2.0,1.6,0.2519169155,0.2018953982,0.2519169155,0.2018953982,False,True,True,False,0,"outlier_group, outlier_mad"
5128,0,2000,0.9,75,30000,23,1.6,2.0,1.6,0.2352293715,0.1884130966,0.2352293715,0.1884130966,False,True,False,False,0,outlier_group
5132,0,2000,0.9,75,37000,23,1.6,2.0,1.6,0.2354189963,0.1885630349,0.2354189963,0.1885630349,False,True,False,False,0,outlier_group
5152,0,5000,0.9,25,30000,23,1.6,2.0,1.6,0.2516507555,0.2017041831,0.2516507555,0.2017041831,False,True,True,False,0,"outlier_group, outlier_mad"
5156,0,5000,0.9,25,37000,23,1.6,2.0,1.6,0.2519169155,0.2018953982,0.2519169155,0.2018953982,False,True,True,False,0,"outlier_group, outlier_mad"
5160,0,5000,0.9,75,30000,23,1.6,2.0,1.6,0.2352293715,0.1884130966,0.2352293715,0.1884130966,False,True,False,False,0,outlier_group
5164,0,5000,0.9,75,37000,23,1.6,2.0,1.6,0.2354189963,0.1885630349,0.2354189963,0.1885630349,False,True,False,False,0,outlier_group
5179,26,5000,1.1,75,30000,23,1.6,2.0,1.6,-6.0274120269,-2.8661074116,6.4710465412,4.4992623712,True,False,False,False,130000,outlier_global
5183,26,5000,1.1,75,37000,23,1.6,2.0,1.6,-6.0230942852,-2.8594813655,6.345366962,4.5852266382,True,False,False,False,130000,outlier_global
